peptide,length,allele,core_peptide,affinity_ic50_nM,rank,junction_pos,dek_residues,aff2_residues,name
EESSDDEDKESEEEA,15,HLA-DRB1*01:01,DDEDKESEE,30295.92,100.0,14,14,1,class_II_15mer_1
ESSDDEDKESEEEAV,15,HLA-DRB1*01:01,EDKESEEEA,25156.28,100.0,13,13,2,class_II_15mer_2
SSDDEDKESEEEAVE,15,HLA-DRB1*01:01,DKESEEEAV,22626.64,100.0,12,12,3,class_II_15mer_3
SDDEDKESEEEAVEK,15,HLA-DRB1*01:01,DKESEEEAV,19654.33,100.0,11,11,4,class_II_15mer_4
DDEDKESEEEAVEKA,15,HLA-DRB1*01:01,DKESEEEAV,15810.41,100.0,10,10,5,class_II_15mer_5
DEDKESEEEAVEKAK,15,HLA-DRB1*01:01,KESEEEAVE,13895.53,100.0,9,9,6,class_II_15mer_6
EDKESEEEAVEKAKP,15,HLA-DRB1*01:01,SEEEAVEKA,12843.7,99.0,8,8,7,class_II_15mer_7
DKESEEEAVEKAKPR,15,HLA-DRB1*01:01,SEEEAVEKA,10569.9,99.0,7,7,8,class_II_15mer_8
KESEEEAVEKAKPRN,15,HLA-DRB1*01:01,SEEEAVEKA,10280.82,99.0,6,6,9,class_II_15mer_9
ESEEEAVEKAKPRNN,15,HLA-DRB1*01:01,VEKAKPRNN,5517.74,95.0,5,5,10,class_II_15mer_10
SEEEAVEKAKPRNNP,15,HLA-DRB1*01:01,VEKAKPRNN,3887.96,91.0,4,4,11,class_II_15mer_11
EEEAVEKAKPRNNPV,15,HLA-DRB1*01:01,VEKAKPRNN,2325.95,86.0,3,3,12,class_II_15mer_12
EEAVEKAKPRNNPVN,15,HLA-DRB1*01:01,VEKAKPRNN,2030.55,84.0,2,2,13,class_II_15mer_13
EAVEKAKPRNNPVNP,15,HLA-DRB1*01:01,VEKAKPRNN,2562.51,87.0,1,1,14,class_II_15mer_14
EESSDDEDKESEEEA,15,HLA-DRB1*03:01,DDEDKESEE,26518.23,100.0,14,14,1,class_II_15mer_1
ESSDDEDKESEEEAV,15,HLA-DRB1*03:01,DDEDKESEE,27759.21,100.0,13,13,2,class_II_15mer_2
SSDDEDKESEEEAVE,15,HLA-DRB1*03:01,DDEDKESEE,28494.73,100.0,12,12,3,class_II_15mer_3
SDDEDKESEEEAVEK,15,HLA-DRB1*03:01,DKESEEEAV,26615.97,100.0,11,11,4,class_II_15mer_4
DDEDKESEEEAVEKA,15,HLA-DRB1*03:01,KESEEEAVE,24156.28,99.0,10,10,5,class_II_15mer_5
DEDKESEEEAVEKAK,15,HLA-DRB1*03:01,KESEEEAVE,21602.02,99.0,9,9,6,class_II_15mer_6
EDKESEEEAVEKAKP,15,HLA-DRB1*03:01,SEEEAVEKA,20684.36,98.0,8,8,7,class_II_15mer_7
DKESEEEAVEKAKPR,15,HLA-DRB1*03:01,SEEEAVEKA,16591.17,96.0,7,7,8,class_II_15mer_8
KESEEEAVEKAKPRN,15,HLA-DRB1*03:01,EAVEKAKPR,14890.88,94.0,6,6,9,class_II_15mer_9
ESEEEAVEKAKPRNN,15,HLA-DRB1*03:01,EAVEKAKPR,13546.82,92.0,5,5,10,class_II_15mer_10
SEEEAVEKAKPRNNP,15,HLA-DRB1*03:01,EAVEKAKPR,12933.78,92.0,4,4,11,class_II_15mer_11
EEEAVEKAKPRNNPV,15,HLA-DRB1*03:01,EAVEKAKPR,13051.31,92.0,3,3,12,class_II_15mer_12
EEAVEKAKPRNNPVN,15,HLA-DRB1*03:01,VEKAKPRNN,14748.01,94.0,2,2,13,class_II_15mer_13
EAVEKAKPRNNPVNP,15,HLA-DRB1*03:01,VEKAKPRNN,17523.32,96.0,1,1,14,class_II_15mer_14
EESSDDEDKESEEEA,15,HLA-DRB1*04:01,DDEDKESEE,28267.8,100.0,14,14,1,class_II_15mer_1
ESSDDEDKESEEEAV,15,HLA-DRB1*04:01,EDKESEEEA,26745.58,100.0,13,13,2,class_II_15mer_2
SSDDEDKESEEEAVE,15,HLA-DRB1*04:01,KESEEEAVE,24985.12,100.0,12,12,3,class_II_15mer_3
SDDEDKESEEEAVEK,15,HLA-DRB1*04:01,KESEEEAVE,22416.11,100.0,11,11,4,class_II_15mer_4
DDEDKESEEEAVEKA,15,HLA-DRB1*04:01,KESEEEAVE,17723.72,99.0,10,10,5,class_II_15mer_5
DEDKESEEEAVEKAK,15,HLA-DRB1*04:01,SEEEAVEKA,14049.58,98.0,9,9,6,class_II_15mer_6
EDKESEEEAVEKAKP,15,HLA-DRB1*04:01,SEEEAVEKA,12648.97,97.0,8,8,7,class_II_15mer_7
DKESEEEAVEKAKPR,15,HLA-DRB1*04:01,SEEEAVEKA,10528.47,96.0,7,7,8,class_II_15mer_8
KESEEEAVEKAKPRN,15,HLA-DRB1*04:01,SEEEAVEKA,11700.48,97.0,6,6,9,class_II_15mer_9
ESEEEAVEKAKPRNN,15,HLA-DRB1*04:01,VEKAKPRNN,11890.77,97.0,5,5,10,class_II_15mer_10
SEEEAVEKAKPRNNP,15,HLA-DRB1*04:01,VEKAKPRNN,10906.7,96.0,4,4,11,class_II_15mer_11
EEEAVEKAKPRNNPV,15,HLA-DRB1*04:01,VEKAKPRNN,8706.84,94.0,3,3,12,class_II_15mer_12
EEAVEKAKPRNNPVN,15,HLA-DRB1*04:01,VEKAKPRNN,8226.4,93.0,2,2,13,class_II_15mer_13
EAVEKAKPRNNPVNP,15,HLA-DRB1*04:01,VEKAKPRNN,9260.62,95.0,1,1,14,class_II_15mer_14
EESSDDEDKESEEEA,15,HLA-DRB1*04:04,SSDDEDKES,31859.51,100.0,14,14,1,class_II_15mer_1
ESSDDEDKESEEEAV,15,HLA-DRB1*04:04,EDKESEEEA,31582.88,100.0,13,13,2,class_II_15mer_2
SSDDEDKESEEEAVE,15,HLA-DRB1*04:04,DKESEEEAV,29946.23,100.0,12,12,3,class_II_15mer_3
SDDEDKESEEEAVEK,15,HLA-DRB1*04:04,DKESEEEAV,27079.57,100.0,11,11,4,class_II_15mer_4
DDEDKESEEEAVEKA,15,HLA-DRB1*04:04,DKESEEEAV,22630.31,100.0,10,10,5,class_II_15mer_5
DEDKESEEEAVEKAK,15,HLA-DRB1*04:04,SEEEAVEKA,18210.27,99.0,9,9,6,class_II_15mer_6
EDKESEEEAVEKAKP,15,HLA-DRB1*04:04,SEEEAVEKA,16054.68,98.0,8,8,7,class_II_15mer_7
DKESEEEAVEKAKPR,15,HLA-DRB1*04:04,SEEEAVEKA,13103.52,97.0,7,7,8,class_II_15mer_8
KESEEEAVEKAKPRN,15,HLA-DRB1*04:04,SEEEAVEKA,13376.26,97.0,6,6,9,class_II_15mer_9
ESEEEAVEKAKPRNN,15,HLA-DRB1*04:04,VEKAKPRNN,11034.66,96.0,5,5,10,class_II_15mer_10
SEEEAVEKAKPRNNP,15,HLA-DRB1*04:04,VEKAKPRNN,9326.39,94.0,4,4,11,class_II_15mer_11
EEEAVEKAKPRNNPV,15,HLA-DRB1*04:04,VEKAKPRNN,7217.87,90.0,3,3,12,class_II_15mer_12
EEAVEKAKPRNNPVN,15,HLA-DRB1*04:04,VEKAKPRNN,6692.47,89.0,2,2,13,class_II_15mer_13
EAVEKAKPRNNPVNP,15,HLA-DRB1*04:04,VEKAKPRNN,8026.56,92.0,1,1,14,class_II_15mer_14
EESSDDEDKESEEEA,15,HLA-DRB1*04:05,DDEDKESEE,28159.73,100.0,14,14,1,class_II_15mer_1
ESSDDEDKESEEEAV,15,HLA-DRB1*04:05,DDEDKESEE,25947.47,100.0,13,13,2,class_II_15mer_2
SSDDEDKESEEEAVE,15,HLA-DRB1*04:05,DKESEEEAV,23783.09,100.0,12,12,3,class_II_15mer_3
SDDEDKESEEEAVEK,15,HLA-DRB1*04:05,KESEEEAVE,21535.51,100.0,11,11,4,class_II_15mer_4
DDEDKESEEEAVEKA,15,HLA-DRB1*04:05,KESEEEAVE,18763.5,99.0,10,10,5,class_II_15mer_5
DEDKESEEEAVEKAK,15,HLA-DRB1*04:05,KESEEEAVE,17088.74,99.0,9,9,6,class_II_15mer_6
EDKESEEEAVEKAKP,15,HLA-DRB1*04:05,SEEEAVEKA,16024.48,98.0,8,8,7,class_II_15mer_7
DKESEEEAVEKAKPR,15,HLA-DRB1*04:05,SEEEAVEKA,14986.4,98.0,7,7,8,class_II_15mer_8
KESEEEAVEKAKPRN,15,HLA-DRB1*04:05,SEEEAVEKA,16211.25,98.0,6,6,9,class_II_15mer_9
ESEEEAVEKAKPRNN,15,HLA-DRB1*04:05,VEKAKPRNN,15080.42,98.0,5,5,10,class_II_15mer_10
SEEEAVEKAKPRNNP,15,HLA-DRB1*04:05,VEKAKPRNN,14756.63,98.0,4,4,11,class_II_15mer_11
EEEAVEKAKPRNNPV,15,HLA-DRB1*04:05,VEKAKPRNN,12778.27,96.0,3,3,12,class_II_15mer_12
EEAVEKAKPRNNPVN,15,HLA-DRB1*04:05,VEKAKPRNN,12280.41,96.0,2,2,13,class_II_15mer_13
EAVEKAKPRNNPVNP,15,HLA-DRB1*04:05,VEKAKPRNN,13408.57,97.0,1,1,14,class_II_15mer_14
EESSDDEDKESEEEA,15,HLA-DRB1*07:01,SSDDEDKES,33859.47,100.0,14,14,1,class_II_15mer_1
ESSDDEDKESEEEAV,15,HLA-DRB1*07:01,DKESEEEAV,25109.78,100.0,13,13,2,class_II_15mer_2
SSDDEDKESEEEAVE,15,HLA-DRB1*07:01,DKESEEEAV,22418.53,100.0,12,12,3,class_II_15mer_3
SDDEDKESEEEAVEK,15,HLA-DRB1*07:01,DKESEEEAV,20012.91,99.0,11,11,4,class_II_15mer_4
DDEDKESEEEAVEKA,15,HLA-DRB1*07:01,DKESEEEAV,18086.17,99.0,10,10,5,class_II_15mer_5
DEDKESEEEAVEKAK,15,HLA-DRB1*07:01,DKESEEEAV,18734.89,99.0,9,9,6,class_II_15mer_6
EDKESEEEAVEKAKP,15,HLA-DRB1*07:01,ESEEEAVEK,18219.14,99.0,8,8,7,class_II_15mer_7
DKESEEEAVEKAKPR,15,HLA-DRB1*07:01,SEEEAVEKA,17394.11,99.0,7,7,8,class_II_15mer_8
KESEEEAVEKAKPRN,15,HLA-DRB1*07:01,EAVEKAKPR,17044.61,99.0,6,6,9,class_II_15mer_9
ESEEEAVEKAKPRNN,15,HLA-DRB1*07:01,VEKAKPRNN,9367.75,93.0,5,5,10,class_II_15mer_10
SEEEAVEKAKPRNNP,15,HLA-DRB1*07:01,VEKAKPRNN,9110.16,93.0,4,4,11,class_II_15mer_11
EEEAVEKAKPRNNPV,15,HLA-DRB1*07:01,VEKAKPRNN,6729.5,88.0,3,3,12,class_II_15mer_12
EEAVEKAKPRNNPVN,15,HLA-DRB1*07:01,VEKAKPRNN,6606.0,88.0,2,2,13,class_II_15mer_13
EAVEKAKPRNNPVNP,15,HLA-DRB1*07:01,VEKAKPRNN,7651.24,90.0,1,1,14,class_II_15mer_14
EESSDDEDKESEEEA,15,HLA-DRB1*08:01,DEDKESEEE,29943.32,100.0,14,14,1,class_II_15mer_1
ESSDDEDKESEEEAV,15,HLA-DRB1*08:01,DEDKESEEE,27985.99,100.0,13,13,2,class_II_15mer_2
SSDDEDKESEEEAVE,15,HLA-DRB1*08:01,DEDKESEEE,26915.7,100.0,12,12,3,class_II_15mer_3
SDDEDKESEEEAVEK,15,HLA-DRB1*08:01,KESEEEAVE,25468.5,100.0,11,11,4,class_II_15mer_4
DDEDKESEEEAVEKA,15,HLA-DRB1*08:01,KESEEEAVE,23594.19,100.0,10,10,5,class_II_15mer_5
DEDKESEEEAVEKAK,15,HLA-DRB1*08:01,KESEEEAVE,21710.51,100.0,9,9,6,class_II_15mer_6
EDKESEEEAVEKAKP,15,HLA-DRB1*08:01,EEAVEKAKP,15949.24,98.0,8,8,7,class_II_15mer_7
DKESEEEAVEKAKPR,15,HLA-DRB1*08:01,EEAVEKAKP,11899.39,96.0,7,7,8,class_II_15mer_8
KESEEEAVEKAKPRN,15,HLA-DRB1*08:01,EEAVEKAKP,10617.01,94.0,6,6,9,class_II_15mer_9
ESEEEAVEKAKPRNN,15,HLA-DRB1*08:01,EEAVEKAKP,7350.27,89.0,5,5,10,class_II_15mer_10
SEEEAVEKAKPRNNP,15,HLA-DRB1*08:01,AVEKAKPRN,6941.53,88.0,4,4,11,class_II_15mer_11
EEEAVEKAKPRNNPV,15,HLA-DRB1*08:01,AVEKAKPRN,5836.08,85.0,3,3,12,class_II_15mer_12
EEAVEKAKPRNNPVN,15,HLA-DRB1*08:01,VEKAKPRNN,6086.95,86.0,2,2,13,class_II_15mer_13
EAVEKAKPRNNPVNP,15,HLA-DRB1*08:01,VEKAKPRNN,6667.32,88.0,1,1,14,class_II_15mer_14
EESSDDEDKESEEEA,15,HLA-DRB1*09:01,ESSDDEDKE,32136.13,100.0,14,14,1,class_II_15mer_1
ESSDDEDKESEEEAV,15,HLA-DRB1*09:01,DKESEEEAV,22617.58,100.0,13,13,2,class_II_15mer_2
SSDDEDKESEEEAVE,15,HLA-DRB1*09:01,DKESEEEAV,19882.55,100.0,12,12,3,class_II_15mer_3
SDDEDKESEEEAVEK,15,HLA-DRB1*09:01,DKESEEEAV,17218.1,99.0,11,11,4,class_II_15mer_4
DDEDKESEEEAVEKA,15,HLA-DRB1*09:01,DKESEEEAV,15125.03,99.0,10,10,5,class_II_15mer_5
DEDKESEEEAVEKAK,15,HLA-DRB1*09:01,DKESEEEAV,15856.84,99.0,9,9,6,class_II_15mer_6
EDKESEEEAVEKAKP,15,HLA-DRB1*09:01,ESEEEAVEK,15867.48,99.0,8,8,7,class_II_15mer_7
DKESEEEAVEKAKPR,15,HLA-DRB1*09:01,EEEAVEKAK,15204.77,99.0,7,7,8,class_II_15mer_8
KESEEEAVEKAKPRN,15,HLA-DRB1*09:01,EEEAVEKAK,14919.26,99.0,6,6,9,class_II_15mer_9
ESEEEAVEKAKPRNN,15,HLA-DRB1*09:01,VEKAKPRNN,5854.8,90.0,5,5,10,class_II_15mer_10
SEEEAVEKAKPRNNP,15,HLA-DRB1*09:01,VEKAKPRNN,5334.82,88.0,4,4,11,class_II_15mer_11
EEEAVEKAKPRNNPV,15,HLA-DRB1*09:01,VEKAKPRNN,4064.58,84.0,3,3,12,class_II_15mer_12
EEAVEKAKPRNNPVN,15,HLA-DRB1*09:01,VEKAKPRNN,4087.96,84.0,2,2,13,class_II_15mer_13
EAVEKAKPRNNPVNP,15,HLA-DRB1*09:01,VEKAKPRNN,4983.99,87.0,1,1,14,class_II_15mer_14
EESSDDEDKESEEEA,15,HLA-DRB1*10:01,SSDDEDKES,28699.56,100.0,14,14,1,class_II_15mer_1
ESSDDEDKESEEEAV,15,HLA-DRB1*10:01,DEDKESEEE,25012.44,100.0,13,13,2,class_II_15mer_2
SSDDEDKESEEEAVE,15,HLA-DRB1*10:01,DKESEEEAV,23084.11,100.0,12,12,3,class_II_15mer_3
SDDEDKESEEEAVEK,15,HLA-DRB1*10:01,DKESEEEAV,20235.88,100.0,11,11,4,class_II_15mer_4
DDEDKESEEEAVEKA,15,HLA-DRB1*10:01,KESEEEAVE,15208.06,100.0,10,10,5,class_II_15mer_5
DEDKESEEEAVEKAK,15,HLA-DRB1*10:01,SEEEAVEKA,12090.03,99.0,9,9,6,class_II_15mer_6
EDKESEEEAVEKAKP,15,HLA-DRB1*10:01,SEEEAVEKA,10619.2,98.0,8,8,7,class_II_15mer_7
DKESEEEAVEKAKPR,15,HLA-DRB1*10:01,SEEEAVEKA,8474.21,97.0,7,7,8,class_II_15mer_8
KESEEEAVEKAKPRN,15,HLA-DRB1*10:01,SEEEAVEKA,8598.99,97.0,6,6,9,class_II_15mer_9
ESEEEAVEKAKPRNN,15,HLA-DRB1*10:01,VEKAKPRNN,4010.33,91.0,5,5,10,class_II_15mer_10
SEEEAVEKAKPRNNP,15,HLA-DRB1*10:01,VEKAKPRNN,2637.1,86.0,4,4,11,class_II_15mer_11
EEEAVEKAKPRNNPV,15,HLA-DRB1*10:01,VEKAKPRNN,1611.33,78.0,3,3,12,class_II_15mer_12
EEAVEKAKPRNNPVN,15,HLA-DRB1*10:01,VEKAKPRNN,1508.7,76.0,2,2,13,class_II_15mer_13
EAVEKAKPRNNPVNP,15,HLA-DRB1*10:01,VEKAKPRNN,1980.56,81.0,1,1,14,class_II_15mer_14
EESSDDEDKESEEEA,15,HLA-DRB1*11:01,SDDEDKESE,34256.71,100.0,14,14,1,class_II_15mer_1
ESSDDEDKESEEEAV,15,HLA-DRB1*11:01,DDEDKESEE,33582.19,100.0,13,13,2,class_II_15mer_2
SSDDEDKESEEEAVE,15,HLA-DRB1*11:01,DEDKESEEE,32701.2,100.0,12,12,3,class_II_15mer_3
SDDEDKESEEEAVEK,15,HLA-DRB1*11:01,KESEEEAVE,30381.6,100.0,11,11,4,class_II_15mer_4
DDEDKESEEEAVEKA,15,HLA-DRB1*11:01,KESEEEAVE,28028.42,100.0,10,10,5,class_II_15mer_5
DEDKESEEEAVEKAK,15,HLA-DRB1*11:01,KESEEEAVE,25393.65,100.0,9,9,6,class_II_15mer_6
EDKESEEEAVEKAKP,15,HLA-DRB1*11:01,EEAVEKAKP,18941.98,98.0,8,8,7,class_II_15mer_7
DKESEEEAVEKAKPR,15,HLA-DRB1*11:01,EEAVEKAKP,12987.63,93.0,7,7,8,class_II_15mer_8
KESEEEAVEKAKPRN,15,HLA-DRB1*11:01,EEAVEKAKP,9648.58,88.0,6,6,9,class_II_15mer_9
ESEEEAVEKAKPRNN,15,HLA-DRB1*11:01,EEAVEKAKP,7048.85,81.0,5,5,10,class_II_15mer_10
SEEEAVEKAKPRNNP,15,HLA-DRB1*11:01,AVEKAKPRN,6625.61,80.0,4,4,11,class_II_15mer_11
EEEAVEKAKPRNNPV,15,HLA-DRB1*11:01,AVEKAKPRN,5315.52,74.0,3,3,12,class_II_15mer_12
EEAVEKAKPRNNPVN,15,HLA-DRB1*11:01,VEKAKPRNN,5593.6,76.0,2,2,13,class_II_15mer_13
EAVEKAKPRNNPVNP,15,HLA-DRB1*11:01,VEKAKPRNN,6894.45,80.0,1,1,14,class_II_15mer_14
EESSDDEDKESEEEA,15,HLA-DRB1*12:01,SDDEDKESE,34007.07,100.0,14,14,1,class_II_15mer_1
ESSDDEDKESEEEAV,15,HLA-DRB1*12:01,DKESEEEAV,31594.16,100.0,13,13,2,class_II_15mer_2
SSDDEDKESEEEAVE,15,HLA-DRB1*12:01,DKESEEEAV,30397.05,100.0,12,12,3,class_II_15mer_3
SDDEDKESEEEAVEK,15,HLA-DRB1*12:01,DKESEEEAV,28749.29,100.0,11,11,4,class_II_15mer_4
DDEDKESEEEAVEKA,15,HLA-DRB1*12:01,DKESEEEAV,26774.54,100.0,10,10,5,class_II_15mer_5
DEDKESEEEAVEKAK,15,HLA-DRB1*12:01,DKESEEEAV,26090.48,99.0,9,9,6,class_II_15mer_6
EDKESEEEAVEKAKP,15,HLA-DRB1*12:01,SEEEAVEKA,24910.08,99.0,8,8,7,class_II_15mer_7
DKESEEEAVEKAKPR,15,HLA-DRB1*12:01,SEEEAVEKA,22704.38,98.0,7,7,8,class_II_15mer_8
KESEEEAVEKAKPRN,15,HLA-DRB1*12:01,EAVEKAKPR,22010.9,98.0,6,6,9,class_II_15mer_9
ESEEEAVEKAKPRNN,15,HLA-DRB1*12:01,EAVEKAKPR,18260.78,96.0,5,5,10,class_II_15mer_10
SEEEAVEKAKPRNNP,15,HLA-DRB1*12:01,VEKAKPRNN,17637.64,95.0,4,4,11,class_II_15mer_11
EEEAVEKAKPRNNPV,15,HLA-DRB1*12:01,VEKAKPRNN,15794.68,94.0,3,3,12,class_II_15mer_12
EEAVEKAKPRNNPVN,15,HLA-DRB1*12:01,VEKAKPRNN,16089.63,94.0,2,2,13,class_II_15mer_13
EAVEKAKPRNNPVNP,15,HLA-DRB1*12:01,VEKAKPRNN,17839.35,95.0,1,1,14,class_II_15mer_14
EESSDDEDKESEEEA,15,HLA-DRB1*13:01,SDDEDKESE,32337.03,100.0,14,14,1,class_II_15mer_1
ESSDDEDKESEEEAV,15,HLA-DRB1*13:01,DDEDKESEE,29602.82,100.0,13,13,2,class_II_15mer_2
SSDDEDKESEEEAVE,15,HLA-DRB1*13:01,DKESEEEAV,28489.49,100.0,12,12,3,class_II_15mer_3
SDDEDKESEEEAVEK,15,HLA-DRB1*13:01,DKESEEEAV,26388.29,100.0,11,11,4,class_II_15mer_4
DDEDKESEEEAVEKA,15,HLA-DRB1*13:01,DKESEEEAV,23910.81,100.0,10,10,5,class_II_15mer_5
DEDKESEEEAVEKAK,15,HLA-DRB1*13:01,KESEEEAVE,22776.23,100.0,9,9,6,class_II_15mer_6
EDKESEEEAVEKAKP,15,HLA-DRB1*13:01,SEEEAVEKA,20254.06,100.0,8,8,7,class_II_15mer_7
DKESEEEAVEKAKPR,15,HLA-DRB1*13:01,EEAVEKAKP,14012.99,98.0,7,7,8,class_II_15mer_8
KESEEEAVEKAKPRN,15,HLA-DRB1*13:01,EAVEKAKPR,8889.32,94.0,6,6,9,class_II_15mer_9
ESEEEAVEKAKPRNN,15,HLA-DRB1*13:01,AVEKAKPRN,5026.12,87.0,5,5,10,class_II_15mer_10
SEEEAVEKAKPRNNP,15,HLA-DRB1*13:01,AVEKAKPRN,4432.89,84.0,4,4,11,class_II_15mer_11
EEEAVEKAKPRNNPV,15,HLA-DRB1*13:01,AVEKAKPRN,3303.43,79.0,3,3,12,class_II_15mer_12
EEAVEKAKPRNNPVN,15,HLA-DRB1*13:01,VEKAKPRNN,3594.63,81.0,2,2,13,class_II_15mer_13
EAVEKAKPRNNPVNP,15,HLA-DRB1*13:01,VEKAKPRNN,4323.99,84.0,1,1,14,class_II_15mer_14
EESSDDEDKESEEEA,15,HLA-DRB1*13:02,DDEDKESEE,33121.02,100.0,14,14,1,class_II_15mer_1
ESSDDEDKESEEEAV,15,HLA-DRB1*13:02,DDEDKESEE,28734.36,100.0,13,13,2,class_II_15mer_2
SSDDEDKESEEEAVE,15,HLA-DRB1*13:02,DKESEEEAV,28207.61,100.0,12,12,3,class_II_15mer_3
SDDEDKESEEEAVEK,15,HLA-DRB1*13:02,DKESEEEAV,26137.66,100.0,11,11,4,class_II_15mer_4
DDEDKESEEEAVEKA,15,HLA-DRB1*13:02,DKESEEEAV,23981.8,100.0,10,10,5,class_II_15mer_5
DEDKESEEEAVEKAK,15,HLA-DRB1*13:02,KESEEEAVE,22965.28,100.0,9,9,6,class_II_15mer_6
EDKESEEEAVEKAKP,15,HLA-DRB1*13:02,ESEEEAVEK,21772.85,100.0,8,8,7,class_II_15mer_7
DKESEEEAVEKAKPR,15,HLA-DRB1*13:02,EEAVEKAKP,18359.64,99.0,7,7,8,class_II_15mer_8
KESEEEAVEKAKPRN,15,HLA-DRB1*13:02,EEAVEKAKP,15382.66,97.0,6,6,9,class_II_15mer_9
ESEEEAVEKAKPRNN,15,HLA-DRB1*13:02,AVEKAKPRN,11151.56,94.0,5,5,10,class_II_15mer_10
SEEEAVEKAKPRNNP,15,HLA-DRB1*13:02,AVEKAKPRN,10518.57,94.0,4,4,11,class_II_15mer_11
EEEAVEKAKPRNNPV,15,HLA-DRB1*13:02,AVEKAKPRN,7702.82,89.0,3,3,12,class_II_15mer_12
EEAVEKAKPRNNPVN,15,HLA-DRB1*13:02,VEKAKPRNN,7591.37,89.0,2,2,13,class_II_15mer_13
EAVEKAKPRNNPVNP,15,HLA-DRB1*13:02,EKAKPRNNP,8493.12,91.0,1,1,14,class_II_15mer_14
EESSDDEDKESEEEA,15,HLA-DRB1*14:01,SDDEDKESE,29484.55,100.0,14,14,1,class_II_15mer_1
ESSDDEDKESEEEAV,15,HLA-DRB1*14:01,DKESEEEAV,24210.97,100.0,13,13,2,class_II_15mer_2
SSDDEDKESEEEAVE,15,HLA-DRB1*14:01,DKESEEEAV,22852.75,100.0,12,12,3,class_II_15mer_3
SDDEDKESEEEAVEK,15,HLA-DRB1*14:01,DKESEEEAV,20502.32,100.0,11,11,4,class_II_15mer_4
DDEDKESEEEAVEKA,15,HLA-DRB1*14:01,DKESEEEAV,18025.81,100.0,10,10,5,class_II_15mer_5
DEDKESEEEAVEKAK,15,HLA-DRB1*14:01,DKESEEEAV,17816.4,100.0,9,9,6,class_II_15mer_6
EDKESEEEAVEKAKP,15,HLA-DRB1*14:01,EEAVEKAKP,14823.68,99.0,8,8,7,class_II_15mer_7
DKESEEEAVEKAKPR,15,HLA-DRB1*14:01,EEAVEKAKP,12774.68,98.0,7,7,8,class_II_15mer_8
KESEEEAVEKAKPRN,15,HLA-DRB1*14:01,EEAVEKAKP,10809.43,97.0,6,6,9,class_II_15mer_9
ESEEEAVEKAKPRNN,15,HLA-DRB1*14:01,EEAVEKAKP,7688.16,94.0,5,5,10,class_II_15mer_10
SEEEAVEKAKPRNNP,15,HLA-DRB1*14:01,VEKAKPRNN,7883.94,94.0,4,4,11,class_II_15mer_11
EEEAVEKAKPRNNPV,15,HLA-DRB1*14:01,VEKAKPRNN,7029.96,92.0,3,3,12,class_II_15mer_12
EEAVEKAKPRNNPVN,15,HLA-DRB1*14:01,VEKAKPRNN,7671.05,94.0,2,2,13,class_II_15mer_13
EAVEKAKPRNNPVNP,15,HLA-DRB1*14:01,VEKAKPRNN,9168.01,95.0,1,1,14,class_II_15mer_14
EESSDDEDKESEEEA,15,HLA-DRB1*15:01,DDEDKESEE,31021.7,100.0,14,14,1,class_II_15mer_1
ESSDDEDKESEEEAV,15,HLA-DRB1*15:01,DKESEEEAV,28864.61,100.0,13,13,2,class_II_15mer_2
SSDDEDKESEEEAVE,15,HLA-DRB1*15:01,DKESEEEAV,27751.4,100.0,12,12,3,class_II_15mer_3
SDDEDKESEEEAVEK,15,HLA-DRB1*15:01,DKESEEEAV,26263.53,100.0,11,11,4,class_II_15mer_4
DDEDKESEEEAVEKA,15,HLA-DRB1*15:01,DKESEEEAV,24624.69,100.0,10,10,5,class_II_15mer_5
DEDKESEEEAVEKAK,15,HLA-DRB1*15:01,DKESEEEAV,24184.26,100.0,9,9,6,class_II_15mer_6
EDKESEEEAVEKAKP,15,HLA-DRB1*15:01,SEEEAVEKA,23449.63,100.0,8,8,7,class_II_15mer_7
DKESEEEAVEKAKPR,15,HLA-DRB1*15:01,SEEEAVEKA,20828.54,99.0,7,7,8,class_II_15mer_8
KESEEEAVEKAKPRN,15,HLA-DRB1*15:01,EAVEKAKPR,19584.49,99.0,6,6,9,class_II_15mer_9
ESEEEAVEKAKPRNN,15,HLA-DRB1*15:01,EAVEKAKPR,14507.29,96.0,5,5,10,class_II_15mer_10
SEEEAVEKAKPRNNP,15,HLA-DRB1*15:01,VEKAKPRNN,13844.51,96.0,4,4,11,class_II_15mer_11
EEEAVEKAKPRNNPV,15,HLA-DRB1*15:01,VEKAKPRNN,11590.11,94.0,3,3,12,class_II_15mer_12
EEAVEKAKPRNNPVN,15,HLA-DRB1*15:01,VEKAKPRNN,10844.69,93.0,2,2,13,class_II_15mer_13
EAVEKAKPRNNPVNP,15,HLA-DRB1*15:01,VEKAKPRNN,11652.85,94.0,1,1,14,class_II_15mer_14
EESSDDEDKESEEEA,15,HLA-DRB1*16:02,DDEDKESEE,30373.05,100.0,14,14,1,class_II_15mer_1
ESSDDEDKESEEEAV,15,HLA-DRB1*16:02,DKESEEEAV,25691.57,100.0,13,13,2,class_II_15mer_2
SSDDEDKESEEEAVE,15,HLA-DRB1*16:02,DKESEEEAV,23604.15,100.0,12,12,3,class_II_15mer_3
SDDEDKESEEEAVEK,15,HLA-DRB1*16:02,KESEEEAVE,21215.2,100.0,11,11,4,class_II_15mer_4
DDEDKESEEEAVEKA,15,HLA-DRB1*16:02,KESEEEAVE,18791.54,100.0,10,10,5,class_II_15mer_5
DEDKESEEEAVEKAK,15,HLA-DRB1*16:02,KESEEEAVE,17681.01,99.0,9,9,6,class_II_15mer_6
EDKESEEEAVEKAKP,15,HLA-DRB1*16:02,ESEEEAVEK,16623.52,99.0,8,8,7,class_II_15mer_7
DKESEEEAVEKAKPR,15,HLA-DRB1*16:02,SEEEAVEKA,14203.34,98.0,7,7,8,class_II_15mer_8
KESEEEAVEKAKPRN,15,HLA-DRB1*16:02,EAVEKAKPR,13524.12,98.0,6,6,9,class_II_15mer_9
ESEEEAVEKAKPRNN,15,HLA-DRB1*16:02,EAVEKAKPR,10631.73,96.0,5,5,10,class_II_15mer_10
SEEEAVEKAKPRNNP,15,HLA-DRB1*16:02,VEKAKPRNN,10126.81,95.0,4,4,11,class_II_15mer_11
EEEAVEKAKPRNNPV,15,HLA-DRB1*16:02,VEKAKPRNN,8685.67,94.0,3,3,12,class_II_15mer_12
EEAVEKAKPRNNPVN,15,HLA-DRB1*16:02,VEKAKPRNN,8266.64,93.0,2,2,13,class_II_15mer_13
EAVEKAKPRNNPVNP,15,HLA-DRB1*16:02,VEKAKPRNN,9045.34,94.0,1,1,14,class_II_15mer_14
